1,15566,2025-11-26 00:00:00.0000000,123.91
1,15566,2025-11-26 00:00:00.0000000,123.91
2,2203,2026-01-28 00:00:00.0000000,443.00
3,6418,2025-10-12 00:00:00.0000000,238.25
4,17187,2025-08-17 00:00:00.0000000,145.69
5,6346,2025-10-27 00:00:00.0000000,59.88
6,13299,2026-01-22 00:00:00.0000000,88.15
7,8826,2025-10-06 00:00:00.0000000,64.78
8,16904,2025-10-05 00:00:00.0000000,182.19
9,14198,2026-01-03 00:00:00.0000000,124.99
10,16136,2025-09-25 00:00:00.0000000,128.96
11,3390,2025-09-05 00:00:00.0000000,134.49
12,10689,2025-10-14 00:00:00.0000000,247.49
13,2020,2025-10-28 00:00:00.0000000,137.95
14,11511,2025-08-19 00:00:00.0000000,77.04
15,16622,2025-10-12 00:00:00.0000000,279.17
16,3243,2025-09-12 00:00:00.0000000,39.56
17,4800,2025-08-21 00:00:00.0000000,23.17
18,5810,2025-09-22 00:00:00.0000000,264.95
19,1384,2025-09-15 00:00:00.0000000,32.41
20,14353,2025-08-06 00:00:00.0000000,85.44
21,10499,2025-11-05 00:00:00.0000000,280.61
22,8340,2025-12-25 00:00:00.0000000,179.46
23,11063,2025-08-23 00:00:00.0000000,196.37
24,13866,2025-10-22 00:00:00.0000000,64.35
25,12939,2025-09-28 00:00:00.0000000,132.77
26,414,2025-10-02 00:00:00.0000000,103.42
27,12656,2025-11-19 00:00:00.0000000,161.17
28,7509,2025-12-24 00:00:00.0000000,80.44
29,5624,2025-10-13 00:00:00.0000000,40.56
30,12377,2025-11-23 00:00:00.0000000,104.70
31,3469,2025-10-04 00:00:00.0000000,38.91
32,12808,2026-01-01 00:00:00.0000000,107.61
33,8611,2025-09-11 00:00:00.0000000,69.71
34,8210,2025-11-01 00:00:00.0000000,165.48
35,388,2025-10-19 00:00:00.0000000,68.58
36,15625,2025-11-12 00:00:00.0000000,264.30
37,7109,2025-10-14 00:00:00.0000000,156.52
38,9943,2025-10-10 00:00:00.0000000,72.94
39,8822,2025-11-21 00:00:00.0000000,190.31
40,499,2025-10-02 00:00:00.0000000,233.38
41,4320,2025-10-10 00:00:00.0000000,86.42
42,2598,2025-08-10 00:00:00.0000000,135.43
43,15323,2025-10-02 00:00:00.0000000,74.24
44,1068,2026-01-06 00:00:00.0000000,147.28
45,8852,2025-11-21 00:00:00.0000000,65.37
46,10154,2025-11-21 00:00:00.0000000,109.85
47,17470,2026-01-09 00:00:00.0000000,483.45
48,3764,2025-09-09 00:00:00.0000000,33.00
49,11711,2026-01-11 00:00:00.0000000,62.76
50,13763,2025-12-05 00:00:00.0000000,179.67
51,55,2026-01-13 00:00:00.0000000,80.84
52,15948,2025-12-25 00:00:00.0000000,208.65
53,7064,2025-11-13 00:00:00.0000000,172.93
54,6067,2026-01-04 00:00:00.0000000,33.21
55,5733,2026-01-23 00:00:00.0000000,138.60
56,7745,2025-11-01 00:00:00.0000000,29.79
57,16389,2026-01-28 00:00:00.0000000,485.86
58,15046,2026-01-24 00:00:00.0000000,175.49
59,15708,2025-08-11 00:00:00.0000000,227.05
60,6624,2025-12-17 00:00:00.0000000,14.55
61,14051,2025-08-06 00:00:00.0000000,353.11
62,15207,2025-08-27 00:00:00.0000000,263.74
63,12747,2025-09-23 00:00:00.0000000,28.36
64,977,2025-11-04 00:00:00.0000000,574.48
65,17679,2025-09-04 00:00:00.0000000,372.70
66,2431,2025-09-02 00:00:00.0000000,130.57
67,13006,2025-11-04 00:00:00.0000000,74.32
68,14139,2025-10-18 00:00:00.0000000,306.83
69,12363,2025-08-10 00:00:00.0000000,264.86
70,14576,2025-08-24 00:00:00.0000000,531.44
71,3501,2026-01-28 00:00:00.0000000,33.26
72,1129,2025-08-10 00:00:00.0000000,90.90
73,590,2025-10-05 00:00:00.0000000,123.32
74,9256,2025-08-03 00:00:00.0000000,55.04
75,8655,2026-01-21 00:00:00.0000000,129.08
76,15457,2025-11-28 00:00:00.0000000,189.96
77,4213,2025-11-21 00:00:00.0000000,32.65
78,1841,2025-10-07 00:00:00.0000000,116.04
79,6254,2025-09-22 00:00:00.0000000,68.58
80,11873,2025-08-21 00:00:00.0000000,259.10
81,13342,2025-08-28 00:00:00.0000000,198.61
82,14160,2025-08-24 00:00:00.0000000,18.40
83,14560,2025-08-17 00:00:00.0000000,104.31
84,1919,2026-01-29 00:00:00.0000000,178.64
85,16787,2025-09-13 00:00:00.0000000,54.95
86,9165,2025-09-19 00:00:00.0000000,171.83
87,17410,2025-09-28 00:00:00.0000000,139.22
88,9532,2025-12-22 00:00:00.0000000,52.05
89,13448,2026-01-20 00:00:00.0000000,104.64
90,13963,2026-01-25 00:00:00.0000000,55.28
91,14010,2025-08-12 00:00:00.0000000,71.68
92,7248,2025-11-02 00:00:00.0000000,313.38
93,10599,2025-11-24 00:00:00.0000000,88.43
94,6054,2025-11-06 00:00:00.0000000,164.16
95,4461,2025-08-04 00:00:00.0000000,96.82
96,15191,2026-01-09 00:00:00.0000000,147.62
97,6928,2025-12-09 00:00:00.0000000,34.19
98,12404,2025-10-23 00:00:00.0000000,134.76
99,14174,2025-08-25 00:00:00.0000000,45.96
100,14314,2025-08-13 00:00:00.0000000,78.87
101,9664,2025-10-19 00:00:00.0000000,43.42
102,14032,2025-10-23 00:00:00.0000000,507.46
103,17844,2025-08-10 00:00:00.0000000,459.68
104,589,2026-01-05 00:00:00.0000000,121.35
105,9375,2025-12-11 00:00:00.0000000,262.96
106,16328,2025-12-05 00:00:00.0000000,301.64
107,16966,2026-01-13 00:00:00.0000000,16.57
108,3883,2025-08-27 00:00:00.0000000,152.19
109,9880,2025-10-13 00:00:00.0000000,231.90
110,14616,2026-01-10 00:00:00.0000000,251.90
111,14170,2025-12-07 00:00:00.0000000,139.65
112,16942,2025-11-03 00:00:00.0000000,207.17
113,15349,2025-10-18 00:00:00.0000000,52.22
114,6529,2025-12-30 00:00:00.0000000,14.25
115,7411,2025-11-01 00:00:00.0000000,49.83
116,11193,2025-09-29 00:00:00.0000000,466.25
117,9204,2025-12-19 00:00:00.0000000,215.09
118,16880,2025-11-27 00:00:00.0000000,30.67
119,13801,2025-10-17 00:00:00.0000000,54.81
120,10448,2026-01-08 00:00:00.0000000,139.10
121,16487,2025-10-12 00:00:00.0000000,258.84
122,11519,2025-10-29 00:00:00.0000000,220.43
123,17578,2025-09-14 00:00:00.0000000,51.00
124,1123,2025-10-21 00:00:00.0000000,373.38
125,6384,2025-09-08 00:00:00.0000000,131.78
126,2063,2025-08-05 00:00:00.0000000,29.10
127,9333,2025-12-22 00:00:00.0000000,79.32
128,5234,2025-10-24 00:00:00.0000000,80.56
129,4714,2025-12-15 00:00:00.0000000,35.26
130,8874,2025-11-19 00:00:00.0000000,38.53
131,5639,2025-11-11 00:00:00.0000000,48.18
132,17632,2025-10-11 00:00:00.0000000,202.64
133,17237,2025-11-23 00:00:00.0000000,33.85
134,15914,2026-01-07 00:00:00.0000000,58.41
135,12720,2025-09-12 00:00:00.0000000,128.71
136,17580,2025-11-24 00:00:00.0000000,245.20
137,6778,2025-11-09 00:00:00.0000000,101.68
138,12144,2025-12-11 00:00:00.0000000,198.42
139,13961,2025-08-10 00:00:00.0000000,244.75
140,5428,2025-08-13 00:00:00.0000000,700.44
141,6708,2025-11-23 00:00:00.0000000,569.92
142,9992,2025-10-10 00:00:00.0000000,37.41
143,139,2025-12-14 00:00:00.0000000,18.97
144,760,2025-10-25 00:00:00.0000000,64.08
145,8384,2026-01-02 00:00:00.0000000,325.18
146,17241,2025-12-12 00:00:00.0000000,72.04
147,6812,2025-11-26 00:00:00.0000000,216.25
148,6496,2026-01-07 00:00:00.0000000,92.14
149,6391,2025-12-31 00:00:00.0000000,132.94
150,10282,2025-08-15 00:00:00.0000000,93.63
151,8693,2026-01-31 00:00:00.0000000,76.78
152,8594,2025-09-23 00:00:00.0000000,80.27
153,10723,2025-09-27 00:00:00.0000000,51.71
154,4284,2025-11-28 00:00:00.0000000,134.34
155,13854,2025-11-09 00:00:00.0000000,349.16
156,11710,2025-12-15 00:00:00.0000000,417.73
157,13495,2025-10-09 00:00:00.0000000,173.95
158,1316,2025-08-26 00:00:00.0000000,56.82
159,15153,2025-10-29 00:00:00.0000000,49.98
160,6028,2025-09-18 00:00:00.0000000,135.39
161,15733,2025-10-21 00:00:00.0000000,70.03
162,15973,2025-12-29 00:00:00.0000000,78.90
163,10650,2025-08-05 00:00:00.0000000,248.08
164,8685,2025-09-16 00:00:00.0000000,250.72
165,7498,2025-08-22 00:00:00.0000000,184.06
166,16315,2025-12-06 00:00:00.0000000,262.36
167,9581,2025-10-26 00:00:00.0000000,171.88
168,4145,2025-08-11 00:00:00.0000000,230.84
169,338,2025-09-22 00:00:00.0000000,143.96
170,4376,2025-09-29 00:00:00.0000000,45.07
171,13386,2026-01-13 00:00:00.0000000,208.06
172,13868,2025-11-01 00:00:00.0000000,314.45
173,3790,2025-08-07 00:00:00.0000000,145.73
174,12942,2025-10-12 00:00:00.0000000,405.05
175,14520,2025-08-16 00:00:00.0000000,125.37
176,6692,2025-12-04 00:00:00.0000000,107.09
177,13271,2025-11-27 00:00:00.0000000,108.14
178,14721,2025-11-22 00:00:00.0000000,339.47
179,1837,2025-11-25 00:00:00.0000000,533.57
180,15449,2025-08-23 00:00:00.0000000,212.13
181,2038,2025-09-07 00:00:00.0000000,191.36
182,10186,2025-10-02 00:00:00.0000000,148.79
183,6646,2025-11-20 00:00:00.0000000,317.71
184,6374,2025-11-14 00:00:00.0000000,476.53
185,1430,2025-09-26 00:00:00.0000000,360.73
186,2715,2025-10-09 00:00:00.0000000,44.91
187,369,2026-01-04 00:00:00.0000000,109.94
188,16950,2025-09-18 00:00:00.0000000,28.50
189,3701,2026-01-02 00:00:00.0000000,67.26
190,4034,2026-01-12 00:00:00.0000000,107.93
191,4914,2025-10-27 00:00:00.0000000,363.91
192,11900,2025-11-29 00:00:00.0000000,36.87
193,8388,2025-10-02 00:00:00.0000000,74.57
194,4472,2025-10-11 00:00:00.0000000,148.77
195,12191,2026-01-27 00:00:00.0000000,104.67
196,12029,2025-10-22 00:00:00.0000000,22.42
197,14425,2025-09-05 00:00:00.0000000,184.85
198,17885,2025-10-19 00:00:00.0000000,252.87
199,17964,2025-09-11 00:00:00.0000000,175.54
200,16069,2025-08-30 00:00:00.0000000,242.99
201,15807,2025-12-17 00:00:00.0000000,59.92
202,15221,2025-08-24 00:00:00.0000000,187.57
203,13493,2025-12-17 00:00:00.0000000,211.11
204,12286,2025-09-13 00:00:00.0000000,78.18
205,5978,2025-08-03 00:00:00.0000000,106.89
206,7151,2025-12-07 00:00:00.0000000,130.99
207,8744,2025-10-11 00:00:00.0000000,213.18
208,8261,2026-01-31 00:00:00.0000000,196.10
209,9737,2025-09-11 00:00:00.0000000,371.03
210,15863,2025-12-08 00:00:00.0000000,353.12
211,9150,2026-01-12 00:00:00.0000000,455.68
212,11524,2025-10-19 00:00:00.0000000,69.35
213,15286,2025-12-06 00:00:00.0000000,139.74
214,17262,2025-12-27 00:00:00.0000000,156.21
215,875,2026-01-02 00:00:00.0000000,26.44
216,17788,2025-12-08 00:00:00.0000000,95.21
217,11967,2025-09-29 00:00:00.0000000,560.14
218,6245,2025-12-14 00:00:00.0000000,369.19
219,12465,2025-11-30 00:00:00.0000000,35.20
220,15321,2025-08-27 00:00:00.0000000,268.56
221,3146,2026-01-17 00:00:00.0000000,215.37
222,146,2026-01-07 00:00:00.0000000,148.76
223,14850,2026-01-24 00:00:00.0000000,87.90
224,1796,2025-10-23 00:00:00.0000000,178.37
225,16726,2025-12-18 00:00:00.0000000,133.89
226,17171,2025-10-20 00:00:00.0000000,29.31
227,9846,2025-08-18 00:00:00.0000000,123.22
228,7540,2025-12-06 00:00:00.0000000,81.61
229,8885,2025-11-05 00:00:00.0000000,62.70
230,7095,2025-09-04 00:00:00.0000000,82.40
231,4215,2025-11-07 00:00:00.0000000,270.33
232,4202,2026-01-03 00:00:00.0000000,101.31
233,12613,2025-09-01 00:00:00.0000000,320.72
234,13711,2025-10-21 00:00:00.0000000,193.71
235,11441,2025-11-06 00:00:00.0000000,78.11
236,12534,2025-10-19 00:00:00.0000000,210.59
237,14836,2025-12-05 00:00:00.0000000,90.75
238,6780,2025-12-14 00:00:00.0000000,205.01
239,9345,2025-12-06 00:00:00.0000000,231.10
240,9565,2025-10-30 00:00:00.0000000,121.13
241,3026,2025-08-10 00:00:00.0000000,519.50
242,632,2025-10-22 00:00:00.0000000,75.06
243,8450,2025-12-22 00:00:00.0000000,273.68
244,14439,2025-12-05 00:00:00.0000000,200.03
245,6125,2025-09-14 00:00:00.0000000,178.77
246,4484,2025-08-13 00:00:00.0000000,148.94
247,2979,2025-09-28 00:00:00.0000000,41.62
248,15607,2025-11-30 00:00:00.0000000,166.32
249,1785,2025-11-04 00:00:00.0000000,117.36
250,9228,2025-08-24 00:00:00.0000000,131.18
251,5470,2026-01-26 00:00:00.0000000,133.08
252,11635,2025-12-18 00:00:00.0000000,177.94
253,9360,2025-08-29 00:00:00.0000000,278.90
254,4777,2026-01-23 00:00:00.0000000,142.15
255,15228,2025-12-08 00:00:00.0000000,290.61
256,10870,2025-10-02 00:00:00.0000000,124.83
257,2344,2026-01-23 00:00:00.0000000,212.79
258,16728,2025-12-03 00:00:00.0000000,783.17
259,10524,2026-01-09 00:00:00.0000000,389.68
260,9169,2026-01-24 00:00:00.0000000,86.17
261,16696,2025-08-14 00:00:00.0000000,218.39
262,5662,2025-12-18 00:00:00.0000000,73.65
263,13663,2026-01-26 00:00:00.0000000,51.24
264,11667,2025-10-07 00:00:00.0000000,54.08
265,3378,2025-09-23 00:00:00.0000000,48.51
266,1904,2025-11-30 00:00:00.0000000,239.69
267,16413,2025-12-09 00:00:00.0000000,328.81
268,12691,2025-08-25 00:00:00.0000000,133.99
269,13131,2025-09-16 00:00:00.0000000,201.35
270,15298,2025-09-05 00:00:00.0000000,60.09
271,6173,2025-10-10 00:00:00.0000000,119.99
272,9556,2025-11-13 00:00:00.0000000,119.28
273,3674,2025-09-04 00:00:00.0000000,103.74
274,11405,2025-08-12 00:00:00.0000000,203.67
275,17268,2025-08-02 00:00:00.0000000,130.92
276,5086,2025-12-16 00:00:00.0000000,66.80
277,5290,2026-01-07 00:00:00.0000000,113.06
278,6668,2026-01-04 00:00:00.0000000,98.98
279,17722,2025-12-28 00:00:00.0000000,116.35
280,9161,2025-09-12 00:00:00.0000000,709.83
281,3615,2025-10-27 00:00:00.0000000,22.84
282,9849,2026-01-28 00:00:00.0000000,401.28
283,5961,2025-12-10 00:00:00.0000000,108.64
284,10007,2025-09-03 00:00:00.0000000,83.83
285,169,2025-08-28 00:00:00.0000000,52.59
286,3873,2025-09-16 00:00:00.0000000,17.43
287,1720,2025-10-05 00:00:00.0000000,290.55
288,7087,2026-01-09 00:00:00.0000000,101.57
289,14148,2025-08-07 00:00:00.0000000,191.04
290,9629,2025-08-27 00:00:00.0000000,220.62
291,4970,2025-12-20 00:00:00.0000000,167.95
292,16042,2025-08-09 00:00:00.0000000,41.96
293,13507,2025-10-17 00:00:00.0000000,156.49
294,8887,2026-01-05 00:00:00.0000000,57.50
295,17205,2025-09-24 00:00:00.0000000,176.26
296,1104,2025-09-10 00:00:00.0000000,30.88
297,15324,2025-08-30 00:00:00.0000000,210.38
298,11332,2025-09-21 00:00:00.0000000,366.82
299,2247,2025-10-15 00:00:00.0000000,402.50
300,10353,2025-08-25 00:00:00.0000000,41.19
301,13381,2025-09-27 00:00:00.0000000,41.83
302,2052,2025-11-30 00:00:00.0000000,24.15
303,8074,2025-11-30 00:00:00.0000000,49.49
304,5064,2025-10-31 00:00:00.0000000,37.77
305,10952,2026-01-22 00:00:00.0000000,65.00
306,15413,2025-08-11 00:00:00.0000000,482.38
307,2644,2025-08-19 00:00:00.0000000,491.61
308,11901,2025-08-22 00:00:00.0000000,159.52
309,8910,2025-08-12 00:00:00.0000000,112.12
310,4033,2025-08-24 00:00:00.0000000,168.50
311,10709,2025-08-23 00:00:00.0000000,44.82
312,8091,2025-09-26 00:00:00.0000000,122.89
313,2986,2025-11-10 00:00:00.0000000,62.87
314,9722,2025-10-21 00:00:00.0000000,472.32
315,3698,2025-08-14 00:00:00.0000000,95.71
316,6453,2025-11-16 00:00:00.0000000,695.03
317,12367,2025-10-26 00:00:00.0000000,80.02
318,17272,2025-11-25 00:00:00.0000000,34.08
319,16501,2026-01-12 00:00:00.0000000,157.17
320,14844,2025-08-18 00:00:00.0000000,191.95
321,5120,2025-11-21 00:00:00.0000000,92.19
322,17446,2025-12-15 00:00:00.0000000,69.67
323,354,2026-01-04 00:00:00.0000000,405.63
324,8336,2025-08-05 00:00:00.0000000,84.61
325,940,2025-09-19 00:00:00.0000000,134.38
326,7183,2025-12-04 00:00:00.0000000,59.22
327,9465,2025-11-02 00:00:00.0000000,71.74
328,4017,2025-12-03 00:00:00.0000000,70.26
329,7729,2026-01-23 00:00:00.0000000,169.34
330,6093,2025-09-30 00:00:00.0000000,196.10
331,12417,2025-09-12 00:00:00.0000000,63.76
332,470,2025-11-18 00:00:00.0000000,30.95
333,17617,2025-08-04 00:00:00.0000000,487.54
334,1222,2025-12-22 00:00:00.0000000,262.63
335,291,2025-10-18 00:00:00.0000000,61.94
336,13841,2025-08-30 00:00:00.0000000,33.43
337,5912,2025-09-30 00:00:00.0000000,693.02
338,15966,2025-12-30 00:00:00.0000000,125.01
339,11305,2025-11-26 00:00:00.0000000,104.29
340,8961,2025-09-09 00:00:00.0000000,77.96
341,17773,2025-12-09 00:00:00.0000000,471.31
342,16640,2025-11-19 00:00:00.0000000,59.52
343,13615,2025-12-05 00:00:00.0000000,347.16
344,4098,2025-11-20 00:00:00.0000000,150.04
345,1186,2025-10-27 00:00:00.0000000,179.88
346,15390,2025-12-18 00:00:00.0000000,226.07
347,2138,2025-09-18 00:00:00.0000000,170.99
348,17010,2025-08-21 00:00:00.0000000,338.89
349,17536,2026-01-20 00:00:00.0000000,132.75
350,4396,2026-01-01 00:00:00.0000000,38.97
351,9199,2025-11-25 00:00:00.0000000,54.34
352,15555,2025-11-14 00:00:00.0000000,784.48
353,12019,2025-11-14 00:00:00.0000000,247.38
354,5075,2025-12-26 00:00:00.0000000,37.19
355,15454,2025-12-12 00:00:00.0000000,392.81
356,16642,2025-11-22 00:00:00.0000000,197.02
357,177,2025-11-28 00:00:00.0000000,281.02
358,12819,2025-12-29 00:00:00.0000000,228.10
359,5837,2025-10-31 00:00:00.0000000,157.67
360,3785,2025-10-20 00:00:00.0000000,282.48
361,8864,2025-10-29 00:00:00.0000000,77.74
362,4096,2026-01-18 00:00:00.0000000,266.98
363,5147,2026-01-27 00:00:00.0000000,142.12
364,5947,2025-12-09 00:00:00.0000000,18.87
365,15211,2025-08-09 00:00:00.0000000,104.03
366,2059,2025-10-19 00:00:00.0000000,420.05
367,13699,2025-10-16 00:00:00.0000000,75.23
368,16043,2025-12-27 00:00:00.0000000,241.88
369,7662,2025-11-20 00:00:00.0000000,210.83
370,3654,2025-10-07 00:00:00.0000000,112.56
371,17366,2025-11-09 00:00:00.0000000,64.80
372,9822,2025-10-10 00:00:00.0000000,232.82
373,11128,2025-10-12 00:00:00.0000000,53.43
374,11219,2025-12-06 00:00:00.0000000,44.88
375,16292,2026-01-15 00:00:00.0000000,26.62
376,11640,2025-11-11 00:00:00.0000000,114.36
377,260,2025-08-01 00:00:00.0000000,329.83
378,7321,2026-01-29 00:00:00.0000000,372.44
379,10594,2025-12-31 00:00:00.0000000,102.38
380,14376,2025-09-15 00:00:00.0000000,97.62
381,17281,2025-11-05 00:00:00.0000000,65.10
382,4167,2025-12-18 00:00:00.0000000,58.11
383,14622,2025-10-30 00:00:00.0000000,147.73
384,10393,2025-08-27 00:00:00.0000000,12.07
385,10555,2025-08-30 00:00:00.0000000,455.92
386,16364,2025-12-20 00:00:00.0000000,90.98
387,10528,2025-11-22 00:00:00.0000000,19.85
388,8638,2025-09-11 00:00:00.0000000,55.47
389,4344,2025-09-20 00:00:00.0000000,90.29
390,8952,2025-10-11 00:00:00.0000000,342.33
391,15060,2025-09-21 00:00:00.0000000,299.28
392,12972,2025-12-22 00:00:00.0000000,79.90
393,13121,2025-11-25 00:00:00.0000000,29.00
394,12077,2025-11-21 00:00:00.0000000,52.58
395,3280,2026-01-19 00:00:00.0000000,77.42
396,15002,2026-01-08 00:00:00.0000000,189.94
397,9227,2025-08-25 00:00:00.0000000,99.67
398,10676,2025-09-04 00:00:00.0000000,37.75
399,8905,2025-12-08 00:00:00.0000000,115.07
400,1971,2026-01-06 00:00:00.0000000,52.06
401,14390,2025-10-11 00:00:00.0000000,61.50
402,4448,2025-10-12 00:00:00.0000000,95.95
403,1550,2025-12-30 00:00:00.0000000,266.34
404,10720,2026-01-08 00:00:00.0000000,65.56
405,4984,2025-10-06 00:00:00.0000000,212.68
406,254,2026-01-12 00:00:00.0000000,10.71
407,13348,2025-11-28 00:00:00.0000000,151.92
408,623,2025-11-17 00:00:00.0000000,321.85
409,15117,2025-12-06 00:00:00.0000000,33.33
410,13312,2025-09-29 00:00:00.0000000,55.40
411,13402,2025-09-19 00:00:00.0000000,85.65
412,14442,2025-08-13 00:00:00.0000000,113.22
413,5873,2025-10-03 00:00:00.0000000,84.11
414,14591,2025-12-11 00:00:00.0000000,184.89
415,13722,2026-01-13 00:00:00.0000000,324.51
416,10014,2025-08-05 00:00:00.0000000,233.95
417,16358,2025-12-29 00:00:00.0000000,70.37
418,2953,2025-10-19 00:00:00.0000000,72.22
419,12928,2025-12-28 00:00:00.0000000,108.78
420,14448,2025-08-26 00:00:00.0000000,59.26
421,7713,2025-08-19 00:00:00.0000000,39.63
422,9860,2025-08-14 00:00:00.0000000,73.11
423,4281,2026-01-20 00:00:00.0000000,142.08
424,1181,2025-08-28 00:00:00.0000000,87.09
425,13988,2025-12-28 00:00:00.0000000,167.16
426,1424,2025-12-13 00:00:00.0000000,431.11
427,7571,2025-09-24 00:00:00.0000000,49.75
428,1733,2025-10-07 00:00:00.0000000,196.25
429,16631,2025-12-19 00:00:00.0000000,260.99
430,1682,2025-11-15 00:00:00.0000000,120.14
431,14580,2025-10-07 00:00:00.0000000,375.69
432,318,2025-12-09 00:00:00.0000000,170.84
433,4835,2025-12-25 00:00:00.0000000,293.40
434,2238,2026-01-19 00:00:00.0000000,133.78
435,14180,2025-12-31 00:00:00.0000000,90.77
436,10526,2025-12-21 00:00:00.0000000,112.58
437,10159,2025-10-23 00:00:00.0000000,139.49
438,5129,2025-10-17 00:00:00.0000000,63.38
439,16067,2025-11-11 00:00:00.0000000,71.91
440,10103,2025-10-18 00:00:00.0000000,150.06
441,15310,2025-08-28 00:00:00.0000000,66.54
442,16627,2025-10-17 00:00:00.0000000,374.83
443,14646,2025-09-05 00:00:00.0000000,453.91
444,16392,2025-09-16 00:00:00.0000000,236.13
445,15408,2025-10-29 00:00:00.0000000,167.17
446,11813,2025-09-02 00:00:00.0000000,119.08
447,1802,2026-01-15 00:00:00.0000000,125.75
448,14540,2025-10-09 00:00:00.0000000,260.15
449,7654,2025-08-25 00:00:00.0000000,188.44
450,9079,2025-08-22 00:00:00.0000000,101.75
451,9864,2025-12-24 00:00:00.0000000,107.15
452,607,2025-08-13 00:00:00.0000000,96.83
453,14725,2025-12-14 00:00:00.0000000,137.73
454,1748,2025-08-29 00:00:00.0000000,76.08
455,4293,2025-10-08 00:00:00.0000000,115.50
456,12025,2025-11-11 00:00:00.0000000,57.12
457,9506,2025-11-03 00:00:00.0000000,44.73
458,5791,2025-09-14 00:00:00.0000000,363.70
459,14566,2026-01-27 00:00:00.0000000,63.19
460,9806,2025-10-24 00:00:00.0000000,122.32
461,17647,2025-09-10 00:00:00.0000000,150.10
462,17556,2025-08-03 00:00:00.0000000,32.64
463,5523,2025-12-25 00:00:00.0000000,86.52
464,7988,2025-08-03 00:00:00.0000000,158.70
465,14379,2025-08-09 00:00:00.0000000,157.99
466,5264,2025-10-07 00:00:00.0000000,138.97
467,16008,2025-11-09 00:00:00.0000000,105.47
468,7514,2025-11-24 00:00:00.0000000,74.59
469,11376,2025-11-10 00:00:00.0000000,353.28
470,11172,2026-01-21 00:00:00.0000000,121.42
471,6664,2025-08-10 00:00:00.0000000,23.48
472,16566,2025-08-17 00:00:00.0000000,62.33
473,11123,2025-08-07 00:00:00.0000000,124.51
474,184,2026-01-20 00:00:00.0000000,156.97
475,8629,2025-11-24 00:00:00.0000000,23.30
476,11964,2025-09-10 00:00:00.0000000,64.97
477,16670,2025-12-19 00:00:00.0000000,577.07
478,6022,2025-08-31 00:00:00.0000000,53.10
479,4394,2025-08-23 00:00:00.0000000,221.87
480,6330,2025-11-16 00:00:00.0000000,168.11
481,8797,2025-12-21 00:00:00.0000000,163.59
482,8476,2025-12-10 00:00:00.0000000,65.50
483,16871,2026-01-20 00:00:00.0000000,27.26
484,16216,2025-09-23 00:00:00.0000000,32.37
485,3348,2025-08-13 00:00:00.0000000,145.35
486,10943,2025-10-08 00:00:00.0000000,62.34
487,946,2025-11-18 00:00:00.0000000,194.10
488,13560,2025-10-27 00:00:00.0000000,69.05
489,5717,2025-11-20 00:00:00.0000000,70.38
490,7659,2025-09-02 00:00:00.0000000,347.66
491,12591,2025-08-02 00:00:00.0000000,265.32
492,3733,2025-12-30 00:00:00.0000000,651.08
493,16760,2025-09-21 00:00:00.0000000,313.59
494,3265,2026-01-27 00:00:00.0000000,217.04
495,6785,2025-09-19 00:00:00.0000000,147.35
496,14104,2025-10-18 00:00:00.0000000,117.18
497,6767,2025-09-17 00:00:00.0000000,66.51
498,7345,2026-01-18 00:00:00.0000000,434.38
499,12198,2025-08-11 00:00:00.0000000,217.11
500,11952,2025-10-19 00:00:00.0000000,88.94
501,15565,2025-10-01 00:00:00.0000000,217.55
502,9021,2025-12-18 00:00:00.0000000,76.95
503,9016,2025-08-04 00:00:00.0000000,283.01
504,15593,2026-01-06 00:00:00.0000000,100.81
505,12922,2025-11-03 00:00:00.0000000,142.48
506,7910,2025-10-27 00:00:00.0000000,43.98
507,9567,2025-10-26 00:00:00.0000000,165.56
508,6979,2025-10-02 00:00:00.0000000,398.03
509,17451,2025-10-31 00:00:00.0000000,29.83
510,12,2025-10-12 00:00:00.0000000,125.62
511,14740,2025-09-03 00:00:00.0000000,98.30
512,2640,2025-09-24 00:00:00.0000000,375.37
513,3943,2025-12-15 00:00:00.0000000,101.56
514,5259,2025-08-24 00:00:00.0000000,246.31
515,17506,2025-12-09 00:00:00.0000000,494.98
516,11597,2025-09-19 00:00:00.0000000,229.11
517,11713,2025-08-04 00:00:00.0000000,22.41
518,9814,2025-11-01 00:00:00.0000000,270.80
519,17960,2025-08-10 00:00:00.0000000,142.91
520,17737,2025-12-23 00:00:00.0000000,137.38
521,12332,2025-11-17 00:00:00.0000000,83.47
522,4442,2026-01-09 00:00:00.0000000,265.85
523,13824,2025-08-02 00:00:00.0000000,77.01
524,16465,2025-09-25 00:00:00.0000000,92.34
525,12408,2026-01-31 00:00:00.0000000,49.57
526,9234,2025-10-24 00:00:00.0000000,217.41
527,4728,2025-08-05 00:00:00.0000000,46.44
528,8204,2025-12-20 00:00:00.0000000,214.27
529,12975,2025-09-19 00:00:00.0000000,28.54
530,5346,2025-10-23 00:00:00.0000000,261.92
531,9981,2025-10-09 00:00:00.0000000,46.51
532,13538,2025-11-13 00:00:00.0000000,53.11
533,12227,2025-09-25 00:00:00.0000000,287.02
534,12717,2025-12-04 00:00:00.0000000,84.80
535,14964,2025-08-09 00:00:00.0000000,44.74
536,10958,2025-08-04 00:00:00.0000000,8.32
537,9894,2026-01-09 00:00:00.0000000,196.66
538,1352,2025-10-02 00:00:00.0000000,54.91
539,6007,2025-12-25 00:00:00.0000000,509.49
540,9874,2025-08-05 00:00:00.0000000,20.94
541,4324,2026-01-27 00:00:00.0000000,241.11
542,7588,2025-08-09 00:00:00.0000000,573.51
543,2165,2025-11-22 00:00:00.0000000,104.82
544,3991,2025-10-11 00:00:00.0000000,94.64
545,10937,2025-09-08 00:00:00.0000000,241.56
546,1983,2025-09-26 00:00:00.0000000,98.20
547,7516,2025-12-06 00:00:00.0000000,59.74
548,9259,2025-10-14 00:00:00.0000000,81.42
549,5113,2025-10-17 00:00:00.0000000,49.94
550,17212,2025-12-02 00:00:00.0000000,520.68
551,12138,2025-10-04 00:00:00.0000000,101.07
552,1368,2025-12-25 00:00:00.0000000,214.28
553,7986,2025-09-30 00:00:00.0000000,566.00
554,17028,2025-11-13 00:00:00.0000000,267.60
555,3151,2026-01-25 00:00:00.0000000,138.40
556,12895,2025-10-03 00:00:00.0000000,174.34
557,4562,2026-01-04 00:00:00.0000000,129.91
558,7614,2026-01-26 00:00:00.0000000,76.20
559,17640,2025-12-22 00:00:00.0000000,169.34
560,3965,2025-12-27 00:00:00.0000000,256.98
561,15501,2026-01-16 00:00:00.0000000,228.00
562,7424,2025-09-16 00:00:00.0000000,167.52
563,3796,2025-10-08 00:00:00.0000000,148.90
564,9281,2025-12-20 00:00:00.0000000,208.45
565,13377,2025-11-16 00:00:00.0000000,113.45
566,17433,2025-08-17 00:00:00.0000000,155.91
567,14146,2026-01-12 00:00:00.0000000,244.81
568,10904,2025-11-29 00:00:00.0000000,78.11
569,13862,2025-10-27 00:00:00.0000000,248.93
570,324,2025-11-24 00:00:00.0000000,270.38
571,15000,2025-12-03 00:00:00.0000000,40.40
572,12886,2026-01-01 00:00:00.0000000,48.28
573,6298,2025-08-02 00:00:00.0000000,364.67
574,10672,2025-10-12 00:00:00.0000000,181.13
575,3496,2025-12-17 00:00:00.0000000,698.62
576,4852,2025-10-10 00:00:00.0000000,30.63
577,6428,2025-12-28 00:00:00.0000000,21.46
578,896,2025-12-17 00:00:00.0000000,27.45
579,16551,2025-10-06 00:00:00.0000000,157.77
580,10198,2025-09-04 00:00:00.0000000,118.93
581,10743,2025-10-03 00:00:00.0000000,183.11
582,9537,2026-01-25 00:00:00.0000000,14.94
583,1715,2025-09-08 00:00:00.0000000,186.73
584,14564,2025-10-04 00:00:00.0000000,174.70
585,4938,2025-08-20 00:00:00.0000000,80.63
586,4023,2025-08-28 00:00:00.0000000,79.43
587,7874,2025-10-16 00:00:00.0000000,63.24
588,33,2025-12-05 00:00:00.0000000,335.45
589,12505,2025-11-13 00:00:00.0000000,70.68
590,1700,2025-10-11 00:00:00.0000000,270.53
591,11501,2025-11-16 00:00:00.0000000,72.81
592,4206,2025-10-19 00:00:00.0000000,101.48
593,11195,2025-08-06 00:00:00.0000000,142.38
594,4084,2025-12-26 00:00:00.0000000,39.19
595,5854,2026-01-24 00:00:00.0000000,54.80
596,15429,2025-11-20 00:00:00.0000000,277.85
597,11598,2025-09-03 00:00:00.0000000,290.13
598,6943,2025-10-28 00:00:00.0000000,167.34
599,12158,2025-11-28 00:00:00.0000000,166.91
600,6845,2025-11-10 00:00:00.0000000,179.54
601,14647,2025-09-01 00:00:00.0000000,118.14
602,17405,2025-10-22 00:00:00.0000000,128.87
603,2661,2025-11-21 00:00:00.0000000,365.39
604,8178,2026-01-31 00:00:00.0000000,45.21
605,6952,2026-01-05 00:00:00.0000000,56.31
606,16534,2025-11-23 00:00:00.0000000,329.81
607,6119,2025-09-22 00:00:00.0000000,86.39
608,13621,2025-09-25 00:00:00.0000000,235.73
609,3058,2025-10-31 00:00:00.0000000,212.17
610,1390,2025-08-26 00:00:00.0000000,24.49
611,12784,2025-09-13 00:00:00.0000000,226.17
612,1731,2025-11-04 00:00:00.0000000,13.15
613,5591,2026-01-20 00:00:00.0000000,226.84
614,7612,2025-12-07 00:00:00.0000000,477.57
615,14014,2025-08-29 00:00:00.0000000,36.25
616,10537,2025-08-06 00:00:00.0000000,175.50
617,5018,2025-09-26 00:00:00.0000000,68.04
618,16122,2025-10-15 00:00:00.0000000,388.07
619,11741,2025-11-07 00:00:00.0000000,277.03
620,2811,2025-12-27 00:00:00.0000000,85.66
621,10439,2025-09-17 00:00:00.0000000,83.85
622,8992,2025-11-12 00:00:00.0000000,76.97
623,958,2025-10-21 00:00:00.0000000,86.59
624,11368,2025-12-28 00:00:00.0000000,106.45
625,4463,2025-10-15 00:00:00.0000000,46.33
626,17436,2025-11-05 00:00:00.0000000,235.14
627,16659,2026-01-25 00:00:00.0000000,113.07
628,1309,2025-10-13 00:00:00.0000000,109.58
629,4828,2026-01-10 00:00:00.0000000,296.88
630,13587,2025-08-04 00:00:00.0000000,31.62
631,1492,2026-01-24 00:00:00.0000000,116.62
632,8769,2025-11-09 00:00:00.0000000,247.87
633,103,2025-10-30 00:00:00.0000000,115.99
634,6587,2025-12-06 00:00:00.0000000,242.63
635,10686,2025-12-22 00:00:00.0000000,295.71
636,507,2025-10-28 00:00:00.0000000,125.85
637,8376,2025-10-24 00:00:00.0000000,217.01
638,15666,2026-01-14 00:00:00.0000000,306.41
639,13466,2025-08-06 00:00:00.0000000,69.85
640,13596,2026-01-04 00:00:00.0000000,218.43
641,7020,2025-11-27 00:00:00.0000000,113.79
642,8967,2025-09-17 00:00:00.0000000,42.07
643,15256,2025-08-03 00:00:00.0000000,35.86
644,9677,2026-01-24 00:00:00.0000000,149.59
645,3912,2025-10-22 00:00:00.0000000,63.74
646,8833,2025-09-09 00:00:00.0000000,336.43
647,3384,2025-10-13 00:00:00.0000000,433.42
648,14551,2025-09-09 00:00:00.0000000,28.98
649,16121,2026-01-27 00:00:00.0000000,66.64
650,2406,2026-01-21 00:00:00.0000000,242.19
651,2667,2026-01-10 00:00:00.0000000,122.38
652,4974,2025-09-29 00:00:00.0000000,167.23
653,10377,2025-12-11 00:00:00.0000000,406.03
654,13180,2025-09-18 00:00:00.0000000,76.24
655,14173,2025-08-02 00:00:00.0000000,56.16
656,10765,2025-08-27 00:00:00.0000000,167.45
657,6640,2025-09-20 00:00:00.0000000,46.62
658,8858,2025-10-13 00:00:00.0000000,92.74
659,16748,2026-01-10 00:00:00.0000000,216.66
660,13605,2025-12-08 00:00:00.0000000,401.12
661,9474,2025-08-22 00:00:00.0000000,410.59
662,14901,2026-01-14 00:00:00.0000000,68.71
663,8378,2025-10-21 00:00:00.0000000,37.55
664,939,2025-10-31 00:00:00.0000000,108.93
665,14241,2025-11-21 00:00:00.0000000,46.26
666,7473,2025-11-29 00:00:00.0000000,39.71
667,9372,2025-08-03 00:00:00.0000000,223.48
668,8290,2026-01-30 00:00:00.0000000,48.92
669,6870,2026-01-14 00:00:00.0000000,120.58
670,17176,2025-11-16 00:00:00.0000000,109.22
671,6419,2025-10-05 00:00:00.0000000,291.88
672,4899,2026-01-16 00:00:00.0000000,397.96
673,2240,2025-10-06 00:00:00.0000000,68.07
674,7584,2025-12-14 00:00:00.0000000,449.92
675,294,2026-01-09 00:00:00.0000000,115.31
676,12450,2025-11-21 00:00:00.0000000,552.99
677,11530,2025-11-16 00:00:00.0000000,349.84
678,14597,2025-08-12 00:00:00.0000000,311.98
679,725,2025-10-18 00:00:00.0000000,423.11
680,4892,2026-01-19 00:00:00.0000000,166.71
681,16690,2026-01-29 00:00:00.0000000,84.39
682,12875,2026-01-07 00:00:00.0000000,20.38
683,5274,2026-01-25 00:00:00.0000000,240.89
684,5701,2025-08-01 00:00:00.0000000,195.64
685,16679,2026-01-03 00:00:00.0000000,228.01
686,4937,2026-01-26 00:00:00.0000000,282.33
687,14542,2025-10-08 00:00:00.0000000,82.10
688,16290,2025-10-25 00:00:00.0000000,161.65
689,5180,2025-08-27 00:00:00.0000000,233.22
690,9954,2025-09-09 00:00:00.0000000,22.70
691,17276,2026-01-27 00:00:00.0000000,104.08
692,11748,2025-12-20 00:00:00.0000000,363.88
693,10776,2026-01-13 00:00:00.0000000,117.66
694,9832,2026-01-16 00:00:00.0000000,245.92
695,15711,2025-11-21 00:00:00.0000000,114.72
696,12742,2025-12-15 00:00:00.0000000,45.83
697,5804,2025-11-15 00:00:00.0000000,146.59
698,15108,2025-08-03 00:00:00.0000000,68.02
699,14240,2025-12-31 00:00:00.0000000,30.99
700,15580,2025-09-12 00:00:00.0000000,256.07
701,15548,2025-08-27 00:00:00.0000000,179.42
702,6557,2025-10-30 00:00:00.0000000,181.76
703,12150,2025-11-29 00:00:00.0000000,23.44
704,6835,2025-12-27 00:00:00.0000000,31.12
705,15796,2025-10-22 00:00:00.0000000,300.12
706,3117,2025-08-31 00:00:00.0000000,64.58
707,2061,2025-10-28 00:00:00.0000000,75.28
708,16259,2025-12-03 00:00:00.0000000,34.11
709,10265,2025-09-20 00:00:00.0000000,94.74
710,5371,2025-12-22 00:00:00.0000000,113.34
711,15239,2025-11-26 00:00:00.0000000,29.71
712,3864,2025-09-07 00:00:00.0000000,159.31
713,11802,2026-01-12 00:00:00.0000000,284.28
714,16183,2025-09-26 00:00:00.0000000,598.48
715,4051,2025-11-27 00:00:00.0000000,633.37
716,8208,2025-09-05 00:00:00.0000000,120.40
717,8477,2025-10-18 00:00:00.0000000,53.34
718,4475,2025-08-27 00:00:00.0000000,157.37
719,5336,2026-01-06 00:00:00.0000000,157.23
720,12439,2025-11-13 00:00:00.0000000,444.20
721,5239,2026-01-29 00:00:00.0000000,122.23
722,6900,2026-01-10 00:00:00.0000000,613.72
723,16510,2025-09-15 00:00:00.0000000,48.74
724,7765,2025-08-14 00:00:00.0000000,124.48
725,10814,2025-11-18 00:00:00.0000000,409.02
726,152,2025-09-23 00:00:00.0000000,38.38
727,17765,2026-01-14 00:00:00.0000000,124.88
728,980,2025-09-07 00:00:00.0000000,149.45
729,10519,2025-10-17 00:00:00.0000000,48.18
730,2006,2025-10-08 00:00:00.0000000,203.78
731,11102,2025-12-05 00:00:00.0000000,329.09
732,466,2025-10-21 00:00:00.0000000,99.37
733,6202,2025-12-22 00:00:00.0000000,87.10
734,3570,2025-08-25 00:00:00.0000000,230.25
735,14733,2025-10-10 00:00:00.0000000,20.99
736,16190,2025-11-27 00:00:00.0000000,83.19
737,15470,2026-01-12 00:00:00.0000000,190.09
738,3561,2025-08-06 00:00:00.0000000,415.60
739,6397,2026-01-24 00:00:00.0000000,276.53
740,13994,2026-01-27 00:00:00.0000000,158.72
741,9363,2025-09-22 00:00:00.0000000,251.76
742,5938,2025-08-19 00:00:00.0000000,35.62
743,3239,2025-08-14 00:00:00.0000000,279.51
744,10191,2026-01-12 00:00:00.0000000,211.96
745,9010,2025-08-23 00:00:00.0000000,338.27
746,4976,2025-09-14 00:00:00.0000000,205.29
747,3294,2025-10-29 00:00:00.0000000,448.52
748,7915,2025-09-09 00:00:00.0000000,183.74
749,1448,2025-10-06 00:00:00.0000000,314.54
750,16687,2025-08-13 00:00:00.0000000,235.40
751,13475,2025-12-08 00:00:00.0000000,25.55
752,9624,2025-08-15 00:00:00.0000000,49.48
753,3664,2025-08-08 00:00:00.0000000,111.39
754,9180,2026-01-18 00:00:00.0000000,137.81
755,753,2025-09-12 00:00:00.0000000,125.22
756,2178,2025-09-27 00:00:00.0000000,169.90
757,138,2025-11-26 00:00:00.0000000,46.43
758,7920,2025-11-04 00:00:00.0000000,66.32
759,9026,2025-10-03 00:00:00.0000000,201.48
760,3156,2025-12-08 00:00:00.0000000,153.02
761,8387,2026-01-17 00:00:00.0000000,234.46
762,2237,2025-11-07 00:00:00.0000000,54.29
763,2236,2025-12-09 00:00:00.0000000,78.40
764,3957,2025-09-02 00:00:00.0000000,363.42
765,14432,2025-09-17 00:00:00.0000000,61.53
766,13756,2025-09-06 00:00:00.0000000,202.56
767,14510,2025-08-11 00:00:00.0000000,346.77
768,11682,2025-10-13 00:00:00.0000000,279.49
769,513,2025-10-14 00:00:00.0000000,26.99
770,5541,2025-08-05 00:00:00.0000000,390.09
771,8151,2025-10-02 00:00:00.0000000,18.16
772,6273,2025-11-17 00:00:00.0000000,123.04
773,1400,2025-12-09 00:00:00.0000000,119.53
774,5762,2025-12-28 00:00:00.0000000,562.56
775,13339,2025-12-11 00:00:00.0000000,192.17
776,6519,2025-09-06 00:00:00.0000000,119.90
777,11302,2026-01-05 00:00:00.0000000,103.80
778,4253,2025-10-06 00:00:00.0000000,217.71
779,5250,2025-11-02 00:00:00.0000000,50.34
780,14169,2025-11-01 00:00:00.0000000,52.24
781,6414,2025-12-11 00:00:00.0000000,206.24
782,7744,2025-10-07 00:00:00.0000000,175.98
783,1729,2026-01-16 00:00:00.0000000,22.69
784,6875,2025-10-16 00:00:00.0000000,213.74
785,12575,2025-11-11 00:00:00.0000000,16.21
786,3202,2026-01-20 00:00:00.0000000,232.28
787,2958,2025-11-23 00:00:00.0000000,154.19
788,956,2025-09-24 00:00:00.0000000,370.31
789,10261,2025-09-01 00:00:00.0000000,101.25
790,5172,2025-10-03 00:00:00.0000000,106.02
791,1461,2026-01-21 00:00:00.0000000,306.54
792,1498,2026-01-15 00:00:00.0000000,109.10
793,553,2025-10-19 00:00:00.0000000,163.74
794,15433,2025-08-28 00:00:00.0000000,31.14
795,6176,2026-01-28 00:00:00.0000000,62.65
796,8164,2025-12-03 00:00:00.0000000,35.98
797,12243,2025-12-14 00:00:00.0000000,69.23
798,4473,2025-10-31 00:00:00.0000000,60.79
799,17052,2025-09-19 00:00:00.0000000,134.02
800,5644,2026-01-01 00:00:00.0000000,443.28
801,2929,2025-08-05 00:00:00.0000000,124.67
802,4943,2025-09-07 00:00:00.0000000,18.41
803,10541,2025-10-28 00:00:00.0000000,71.69
804,2932,2026-01-23 00:00:00.0000000,192.94
805,14507,2025-12-26 00:00:00.0000000,49.99
806,8768,2026-01-30 00:00:00.0000000,400.82
807,9576,2026-01-31 00:00:00.0000000,318.73
808,6817,2026-01-12 00:00:00.0000000,290.24
809,16003,2025-12-24 00:00:00.0000000,49.15
810,845,2025-08-07 00:00:00.0000000,80.27
811,12165,2025-09-10 00:00:00.0000000,227.02
812,9230,2025-12-28 00:00:00.0000000,21.38
813,2812,2025-11-30 00:00:00.0000000,187.03
814,11454,2025-11-15 00:00:00.0000000,49.52
815,17395,2025-09-17 00:00:00.0000000,229.41
816,10828,2025-08-19 00:00:00.0000000,94.18
817,16539,2025-10-24 00:00:00.0000000,41.06
818,7017,2026-01-17 00:00:00.0000000,281.81
819,1070,2025-11-11 00:00:00.0000000,182.64
820,5337,2025-09-14 00:00:00.0000000,132.17
821,14477,2025-10-23 00:00:00.0000000,65.98
822,12381,2025-12-21 00:00:00.0000000,366.31
823,4557,2025-10-14 00:00:00.0000000,293.64
824,10242,2025-12-06 00:00:00.0000000,183.76
825,10635,2025-10-07 00:00:00.0000000,44.66
826,15657,2026-01-22 00:00:00.0000000,220.40
827,14498,2025-08-16 00:00:00.0000000,67.57
828,8505,2025-12-03 00:00:00.0000000,317.12
829,7801,2025-11-13 00:00:00.0000000,67.11
830,16224,2025-11-18 00:00:00.0000000,187.48
831,6721,2026-01-01 00:00:00.0000000,79.11
832,10728,2025-08-22 00:00:00.0000000,184.83
833,9595,2025-10-06 00:00:00.0000000,58.91
834,1375,2026-01-25 00:00:00.0000000,75.65
835,16269,2025-08-26 00:00:00.0000000,226.94
836,11991,2025-08-22 00:00:00.0000000,152.94
837,10054,2025-11-22 00:00:00.0000000,305.09
838,3382,2025-09-16 00:00:00.0000000,281.05
839,1338,2025-11-08 00:00:00.0000000,161.83
840,12578,2025-09-14 00:00:00.0000000,172.63
841,11525,2025-08-15 00:00:00.0000000,36.78
842,6589,2025-11-17 00:00:00.0000000,121.82
843,17180,2026-01-20 00:00:00.0000000,232.80
844,11648,2025-09-09 00:00:00.0000000,456.02
845,5300,2025-09-25 00:00:00.0000000,26.95
846,10929,2025-11-23 00:00:00.0000000,145.79
847,13115,2025-10-21 00:00:00.0000000,103.65
848,4086,2025-08-09 00:00:00.0000000,188.11
849,17497,2026-01-30 00:00:00.0000000,232.36
850,5216,2025-08-15 00:00:00.0000000,84.73
851,7649,2025-09-05 00:00:00.0000000,44.57
852,12401,2025-10-15 00:00:00.0000000,16.34
853,9034,2025-11-21 00:00:00.0000000,71.27
854,1769,2025-09-07 00:00:00.0000000,58.27
855,15283,2025-08-03 00:00:00.0000000,89.61
856,3685,2025-09-15 00:00:00.0000000,637.50
857,2878,2025-08-03 00:00:00.0000000,244.74
858,17282,2025-08-26 00:00:00.0000000,23.72
859,221,2026-01-03 00:00:00.0000000,61.26
860,10004,2025-12-04 00:00:00.0000000,254.86
861,8643,2025-12-25 00:00:00.0000000,356.79
862,7040,2025-09-26 00:00:00.0000000,188.98
863,392,2025-08-17 00:00:00.0000000,161.41
864,9173,2025-08-02 00:00:00.0000000,144.17
865,4825,2025-11-11 00:00:00.0000000,37.38
866,17623,2025-09-16 00:00:00.0000000,41.23
867,11488,2025-10-25 00:00:00.0000000,356.84
868,17811,2025-08-16 00:00:00.0000000,76.48
869,3027,2025-08-23 00:00:00.0000000,273.01
870,16270,2025-09-13 00:00:00.0000000,208.05
871,5096,2025-11-25 00:00:00.0000000,156.55
872,14270,2025-12-25 00:00:00.0000000,91.38
873,10532,2025-10-28 00:00:00.0000000,173.34
874,3238,2026-01-15 00:00:00.0000000,49.56
875,5625,2026-01-10 00:00:00.0000000,155.22
876,17955,2025-10-19 00:00:00.0000000,353.50
877,9407,2025-08-13 00:00:00.0000000,293.92
878,7525,2025-10-28 00:00:00.0000000,15.71
879,4361,2025-11-06 00:00:00.0000000,838.20
880,7484,2026-01-06 00:00:00.0000000,40.53
881,6645,2025-11-05 00:00:00.0000000,237.65
882,5824,2025-09-15 00:00:00.0000000,61.11
883,13136,2026-01-07 00:00:00.0000000,112.61
884,12474,2025-09-19 00:00:00.0000000,172.40
885,6159,2026-01-21 00:00:00.0000000,78.13
886,17379,2025-12-28 00:00:00.0000000,54.07
887,6371,2025-11-25 00:00:00.0000000,76.71
888,3401,2025-11-10 00:00:00.0000000,435.49
889,14350,2025-09-12 00:00:00.0000000,76.61
890,14311,2025-08-22 00:00:00.0000000,72.20
891,10518,2025-10-04 00:00:00.0000000,305.60
892,6082,2025-11-24 00:00:00.0000000,32.66
893,7731,2025-12-24 00:00:00.0000000,109.52
894,11796,2025-09-29 00:00:00.0000000,195.07
895,5626,2025-08-22 00:00:00.0000000,422.93
896,6017,2025-11-10 00:00:00.0000000,139.30
897,12626,2026-01-04 00:00:00.0000000,223.87
898,11150,2025-09-11 00:00:00.0000000,121.07
899,5521,2025-12-10 00:00:00.0000000,190.72
900,3358,2025-12-26 00:00:00.0000000,135.22
901,13332,2025-08-13 00:00:00.0000000,348.20
902,3576,2025-12-18 00:00:00.0000000,264.48
903,16394,2025-11-08 00:00:00.0000000,137.40
904,15371,2025-09-11 00:00:00.0000000,349.11
905,11359,2025-10-09 00:00:00.0000000,170.75
906,557,2025-08-06 00:00:00.0000000,378.41
907,9404,2025-08-17 00:00:00.0000000,94.67
908,17007,2025-09-02 00:00:00.0000000,363.70
909,9716,2025-12-31 00:00:00.0000000,48.85
910,6455,2025-12-03 00:00:00.0000000,168.35
911,14343,2025-10-10 00:00:00.0000000,48.67
912,9017,2025-08-21 00:00:00.0000000,31.85
913,12260,2025-09-16 00:00:00.0000000,314.84
914,8711,2025-12-08 00:00:00.0000000,583.05
915,9961,2026-01-28 00:00:00.0000000,494.80
916,2227,2026-01-28 00:00:00.0000000,146.59
917,364,2025-09-23 00:00:00.0000000,193.80
918,4595,2025-09-19 00:00:00.0000000,335.29
919,11350,2025-09-16 00:00:00.0000000,322.97
920,15804,2025-11-06 00:00:00.0000000,33.49
921,13368,2025-11-15 00:00:00.0000000,240.34
922,10685,2026-01-04 00:00:00.0000000,184.98
923,13774,2025-08-08 00:00:00.0000000,577.61
924,16307,2025-08-19 00:00:00.0000000,294.11
925,332,2025-10-10 00:00:00.0000000,55.13
926,2369,2025-09-13 00:00:00.0000000,83.18
927,8918,2025-11-21 00:00:00.0000000,23.58
928,10293,2025-08-24 00:00:00.0000000,148.00
929,11723,2025-08-29 00:00:00.0000000,85.93
930,15218,2025-09-02 00:00:00.0000000,361.85
931,16717,2025-09-13 00:00:00.0000000,143.24
932,1604,2025-09-03 00:00:00.0000000,648.84
933,2674,2025-09-20 00:00:00.0000000,139.48
934,17641,2026-01-11 00:00:00.0000000,92.11
935,13720,2025-09-23 00:00:00.0000000,192.33
936,8599,2025-09-23 00:00:00.0000000,61.92
937,17657,2025-12-27 00:00:00.0000000,167.44
938,1193,2025-10-28 00:00:00.0000000,141.25
939,4905,2025-10-10 00:00:00.0000000,40.03
940,6530,2025-08-21 00:00:00.0000000,230.26
941,4209,2025-12-15 00:00:00.0000000,62.30
942,4488,2025-12-24 00:00:00.0000000,314.01
943,16147,2025-09-28 00:00:00.0000000,66.51
944,1059,2025-10-10 00:00:00.0000000,106.63
945,6543,2025-09-14 00:00:00.0000000,190.55
946,1256,2026-01-31 00:00:00.0000000,18.45
947,9342,2025-11-28 00:00:00.0000000,21.39
948,7882,2026-01-22 00:00:00.0000000,122.34
949,14053,2025-10-02 00:00:00.0000000,50.49
950,13561,2025-10-20 00:00:00.0000000,70.72
951,3082,2025-10-14 00:00:00.0000000,73.37
952,17204,2026-01-03 00:00:00.0000000,93.01
953,3804,2025-10-12 00:00:00.0000000,29.42
954,3735,2025-09-07 00:00:00.0000000,48.77
955,15019,2025-12-09 00:00:00.0000000,86.39
956,6377,2025-12-04 00:00:00.0000000,97.54
957,4517,2025-08-24 00:00:00.0000000,104.68
958,17744,2025-11-07 00:00:00.0000000,279.37
959,14799,2025-12-20 00:00:00.0000000,266.81
960,7015,2026-01-18 00:00:00.0000000,143.02
961,5838,2025-12-07 00:00:00.0000000,399.54
962,2537,2025-10-17 00:00:00.0000000,170.16
963,15803,2025-12-16 00:00:00.0000000,58.57
964,2722,2025-08-12 00:00:00.0000000,108.50
965,3801,2026-01-06 00:00:00.0000000,105.84
966,6525,2026-01-03 00:00:00.0000000,359.41
967,15333,2026-01-29 00:00:00.0000000,101.63
968,1369,2025-09-09 00:00:00.0000000,271.06
969,16296,2025-12-31 00:00:00.0000000,63.15
970,9927,2026-01-06 00:00:00.0000000,57.58
971,2903,2025-12-01 00:00:00.0000000,16.72
972,11778,2025-11-13 00:00:00.0000000,124.32
973,14514,2025-12-08 00:00:00.0000000,52.64
974,16973,2025-09-12 00:00:00.0000000,157.22
975,3252,2025-10-16 00:00:00.0000000,139.49
976,14673,2025-11-17 00:00:00.0000000,25.15
977,2925,2025-08-25 00:00:00.0000000,224.96
978,14272,2025-10-20 00:00:00.0000000,113.45
979,8152,2025-11-05 00:00:00.0000000,122.13
980,9069,2025-08-30 00:00:00.0000000,52.51
981,12060,2025-09-22 00:00:00.0000000,127.20
982,14975,2025-08-19 00:00:00.0000000,193.18
983,3363,2025-12-22 00:00:00.0000000,107.11
984,17661,2026-01-18 00:00:00.0000000,40.64
985,630,2025-09-28 00:00:00.0000000,94.76
986,11120,2025-08-02 00:00:00.0000000,28.40
987,14632,2026-01-04 00:00:00.0000000,183.83
988,9134,2025-12-13 00:00:00.0000000,362.98
989,2404,2025-12-11 00:00:00.0000000,37.66
990,4791,2025-08-25 00:00:00.0000000,246.65
991,3650,2026-01-07 00:00:00.0000000,331.35
992,2167,2025-10-11 00:00:00.0000000,9.45
993,10585,2025-08-12 00:00:00.0000000,131.64
994,10777,2025-08-10 00:00:00.0000000,172.91
995,12101,2025-08-18 00:00:00.0000000,49.27
996,5879,2025-10-27 00:00:00.0000000,164.66
997,6580,2026-01-20 00:00:00.0000000,44.57
998,2133,2025-09-10 00:00:00.0000000,51.31
999,1025,2025-08-19 00:00:00.0000000,50.13
1000,17678,2025-11-02 00:00:00.0000000,128.75
1001,3548,2025-10-06 00:00:00.0000000,331.17
1002,11959,2025-08-25 00:00:00.0000000,28.06
1003,5635,2026-01-29 00:00:00.0000000,93.48
1004,17516,2025-08-24 00:00:00.0000000,52.77
1005,14412,2025-12-15 00:00:00.0000000,126.52
1006,12839,2025-11-22 00:00:00.0000000,221.46
1007,15561,2025-12-19 00:00:00.0000000,111.54
1008,3610,2025-12-25 00:00:00.0000000,294.54
1009,3199,2025-08-23 00:00:00.0000000,308.91
1010,7762,2025-12-08 00:00:00.0000000,43.87
1011,6744,2025-09-25 00:00:00.0000000,112.79
1012,10661,2025-09-14 00:00:00.0000000,174.50
1013,8889,2025-10-04 00:00:00.0000000,80.16
1014,16733,2026-01-10 00:00:00.0000000,179.05
1015,2787,2025-12-13 00:00:00.0000000,263.98
1016,6036,2025-11-13 00:00:00.0000000,59.10
